{
    "name": "root",
    "gauges": {
        "LanderPPO.Policy.Entropy.mean": {
            "value": 1.4008605480194092,
            "min": 1.3830779790878296,
            "max": 1.4045782089233398,
            "count": 11
        },
        "LanderPPO.Policy.Entropy.sum": {
            "value": 16768.30078125,
            "min": 16555.443359375,
            "max": 16918.14453125,
            "count": 11
        },
        "LanderPPO.Environment.EpisodeLength.mean": {
            "value": 80.7687074829932,
            "min": 76.74675324675324,
            "max": 89.14516129032258,
            "count": 11
        },
        "LanderPPO.Environment.EpisodeLength.sum": {
            "value": 11873.0,
            "min": 11054.0,
            "max": 11904.0,
            "count": 11
        },
        "LanderPPO.Step.mean": {
            "value": 851955.0,
            "min": 731998.0,
            "max": 851955.0,
            "count": 11
        },
        "LanderPPO.Step.sum": {
            "value": 851955.0,
            "min": 731998.0,
            "max": 851955.0,
            "count": 11
        },
        "LanderPPO.Policy.ExtrinsicValueEstimate.mean": {
            "value": -3.4063711166381836,
            "min": -9.7095365524292,
            "max": -2.2240355014801025,
            "count": 11
        },
        "LanderPPO.Policy.ExtrinsicValueEstimate.sum": {
            "value": -500.7365417480469,
            "min": -1194.27294921875,
            "max": -324.70916748046875,
            "count": 11
        },
        "LanderPPO.Environment.CumulativeReward.mean": {
            "value": -12.646698881168755,
            "min": -16.632969846199085,
            "max": -4.4514632801699445,
            "count": 11
        },
        "LanderPPO.Environment.CumulativeReward.sum": {
            "value": -1859.064735531807,
            "min": -2561.477356314659,
            "max": -547.5299834609032,
            "count": 11
        },
        "LanderPPO.Policy.ExtrinsicReward.mean": {
            "value": -12.646698881168755,
            "min": -16.632969846199085,
            "max": -4.4514632801699445,
            "count": 11
        },
        "LanderPPO.Policy.ExtrinsicReward.sum": {
            "value": -1859.064735531807,
            "min": -2561.477356314659,
            "max": -547.5299834609032,
            "count": 11
        },
        "LanderPPO.IsTraining.mean": {
            "value": 1.0,
            "min": 1.0,
            "max": 1.0,
            "count": 11
        },
        "LanderPPO.IsTraining.sum": {
            "value": 1.0,
            "min": 1.0,
            "max": 1.0,
            "count": 11
        },
        "LanderPPO.Losses.PolicyLoss.mean": {
            "value": 0.08053013395109379,
            "min": 0.07360349368596188,
            "max": 0.08760844375935081,
            "count": 10
        },
        "LanderPPO.Losses.PolicyLoss.sum": {
            "value": 0.08053013395109379,
            "min": 0.07360349368596188,
            "max": 0.08760844375935081,
            "count": 10
        },
        "LanderPPO.Losses.ValueLoss.mean": {
            "value": 19.50203957922637,
            "min": 8.732904735146791,
            "max": 26.444869661162084,
            "count": 10
        },
        "LanderPPO.Losses.ValueLoss.sum": {
            "value": 19.50203957922637,
            "min": 8.732904735146791,
            "max": 26.444869661162084,
            "count": 10
        },
        "LanderPPO.Policy.LearningRate.mean": {
            "value": 0.00029495044968318396,
            "min": 0.00029495044968318396,
            "max": 0.0002956022594659139,
            "count": 10
        },
        "LanderPPO.Policy.LearningRate.sum": {
            "value": 0.00029495044968318396,
            "min": 0.00029495044968318396,
            "max": 0.0002956022594659139,
            "count": 10
        },
        "LanderPPO.Policy.Epsilon.mean": {
            "value": 0.19831681599999998,
            "min": 0.19831681599999998,
            "max": 0.198534086,
            "count": 10
        },
        "LanderPPO.Policy.Epsilon.sum": {
            "value": 0.19831681599999998,
            "min": 0.19831681599999998,
            "max": 0.198534086,
            "count": 10
        },
        "LanderPPO.Policy.Beta.mean": {
            "value": 0.0009833364784,
            "min": 0.0009833364784,
            "max": 0.0009854874514000002,
            "count": 10
        },
        "LanderPPO.Policy.Beta.sum": {
            "value": 0.0009833364784,
            "min": 0.0009833364784,
            "max": 0.0009854874514000002,
            "count": 10
        }
    },
    "metadata": {
        "timer_format_version": "0.1.0",
        "start_time_seconds": "1747108863",
        "python_version": "3.10.12 | packaged by Anaconda, Inc. | (main, Jul  5 2023, 19:01:18) [MSC v.1916 64 bit (AMD64)]",
        "command_line_arguments": "C:\\Users\\minhh\\anaconda3\\envs\\mlagents\\Scripts\\mlagents-learn config/lander/ppo.yaml --run-id=lander_pos1 --time-scale=1 --resume",
        "mlagents_version": "1.1.0",
        "mlagents_envs_version": "1.1.0",
        "communication_protocol_version": "1.5.0",
        "pytorch_version": "2.2.2+cu121",
        "numpy_version": "1.23.5",
        "end_time_seconds": "1747109502"
    },
    "total": 638.3560066000209,
    "count": 1,
    "self": 0.014407599985133857,
    "children": {
        "run_training.setup": {
            "total": 0.29511160001857206,
            "count": 1,
            "self": 0.29511160001857206
        },
        "TrainerController.start_learning": {
            "total": 638.0464874000172,
            "count": 1,
            "self": 0.5674782000714913,
            "children": {
                "TrainerController._reset_env": {
                    "total": 12.560449299984612,
                    "count": 1,
                    "self": 12.560449299984612
                },
                "TrainerController.advance": {
                    "total": 624.5777081999695,
                    "count": 9521,
                    "self": 0.6106191977742128,
                    "children": {
                        "env_step": {
                            "total": 338.77272530138725,
                            "count": 9521,
                            "self": 250.28493360005086,
                            "children": {
                                "SubprocessEnvManager._take_step": {
                                    "total": 88.11885959957726,
                                    "count": 9521,
                                    "self": 2.1255970018683,
                                    "children": {
                                        "TorchPolicy.evaluate": {
                                            "total": 85.99326259770896,
                                            "count": 9521,
                                            "self": 85.99326259770896
                                        }
                                    }
                                },
                                "workers": {
                                    "total": 0.3689321017591283,
                                    "count": 9520,
                                    "self": 0.0,
                                    "children": {
                                        "worker_root": {
                                            "total": 561.6688280024682,
                                            "count": 9520,
                                            "is_parallel": true,
                                            "self": 416.3892252041842,
                                            "children": {
                                                "steps_from_proto": {
                                                    "total": 0.0004721999866887927,
                                                    "count": 1,
                                                    "is_parallel": true,