{
    "name": "root",
    "gauges": {
        "LanderPPO.Policy.Entropy.mean": {
            "value": -0.5535755157470703,
            "min": -0.5535755157470703,
            "max": -0.34747830033302307,
            "count": 134
        },
        "LanderPPO.Policy.Entropy.sum": {
            "value": -7112.337890625,
            "min": -7151.36328125,
            "max": -3760.1748046875,
            "count": 134
        },
        "LanderPPO.Environment.EpisodeLength.mean": {
            "value": 100.63793103448276,
            "min": 81.62121212121212,
            "max": 127.61290322580645,
            "count": 134
        },
        "LanderPPO.Environment.EpisodeLength.sum": {
            "value": 11674.0,
            "min": 10774.0,
            "max": 12332.0,
            "count": 134
        },
        "LanderPPO.Step.mean": {
            "value": 8399842.0,
            "min": 6803958.0,
            "max": 8399842.0,
            "count": 134
        },
        "LanderPPO.Step.sum": {
            "value": 8399842.0,
            "min": 6803958.0,
            "max": 8399842.0,
            "count": 134
        },
        "LanderPPO.Policy.ExtrinsicValueEstimate.mean": {
            "value": -94.69086456298828,
            "min": -103.63226318359375,
            "max": -71.36502838134766,
            "count": 134
        },
        "LanderPPO.Policy.ExtrinsicValueEstimate.sum": {
            "value": -11173.5224609375,
            "min": -13575.826171875,
            "max": -6773.9560546875,
            "count": 134
        },
        "LanderPPO.Environment.CumulativeReward.mean": {
            "value": -161.41222426850916,
            "min": -190.82086169992695,
            "max": -111.62804060993773,
            "count": 134
        },
        "LanderPPO.Environment.CumulativeReward.sum": {
            "value": -19046.642463684082,
            "min": -24997.53288269043,
            "max": -10917.341107070446,
            "count": 134
        },
        "LanderPPO.Policy.ExtrinsicReward.mean": {
            "value": -161.41222426850916,
            "min": -190.82086169992695,
            "max": -111.62804060993773,
            "count": 134
        },
        "LanderPPO.Policy.ExtrinsicReward.sum": {
            "value": -19046.642463684082,
            "min": -24997.53288269043,
            "max": -10917.341107070446,
            "count": 134
        },
        "LanderPPO.IsTraining.mean": {
            "value": 1.0,
            "min": 1.0,
            "max": 1.0,
            "count": 134
        },
        "LanderPPO.IsTraining.sum": {
            "value": 1.0,
            "min": 1.0,
            "max": 1.0,
            "count": 134
        },
        "LanderPPO.Losses.PolicyLoss.mean": {
            "value": 0.10270203555276096,
            "min": 0.08860594476814418,
            "max": 0.14197630721179766,
            "count": 132
        },
        "LanderPPO.Losses.PolicyLoss.sum": {
            "value": 0.10270203555276096,
            "min": 0.08860594476814418,
            "max": 0.14197630721179766,
            "count": 132
        },
        "LanderPPO.Losses.ValueLoss.mean": {
            "value": 23.09614372929783,
            "min": 18.841593691340663,
            "max": 97.97224753384764,
            "count": 132
        },
        "LanderPPO.Losses.ValueLoss.sum": {
            "value": 23.09614372929783,
            "min": 18.841593691340663,
            "max": 97.97224753384764,
            "count": 132
        },
        "LanderPPO.Policy.LearningRate.mean": {
            "value": 0.00024965541478153393,
            "min": 0.00024965541478153393,
            "max": 0.00025916850761050197,
            "count": 132
        },
        "LanderPPO.Policy.LearningRate.sum": {
            "value": 0.00024965541478153393,
            "min": 0.00024965541478153393,
            "max": 0.00025916850761050197,
            "count": 132
        },
        "LanderPPO.Policy.Epsilon.mean": {
            "value": 0.18321846600000002,
            "min": 0.18321846600000002,
            "max": 0.18638949800000004,
            "count": 132
        },
        "LanderPPO.Policy.Epsilon.sum": {
            "value": 0.18321846600000002,
            "min": 0.18321846600000002,
            "max": 0.18638949800000004,
            "count": 132
        },
        "LanderPPO.Policy.Beta.mean": {
            "value": 0.0008338628133999999,
            "min": 0.0008338628133999999,
            "max": 0.0008652560301999998,
            "count": 132
        },
        "LanderPPO.Policy.Beta.sum": {
            "value": 0.0008338628133999999,
            "min": 0.0008338628133999999,
            "max": 0.0008652560301999998,
            "count": 132
        }
    },
    "metadata": {
        "timer_format_version": "0.1.0",
        "start_time_seconds": "1746955622",
        "python_version": "3.10.12 | packaged by Anaconda, Inc. | (main, Jul  5 2023, 19:01:18) [MSC v.1916 64 bit (AMD64)]",
        "command_line_arguments": "C:\\Users\\minhh\\anaconda3\\envs\\mlagents\\Scripts\\mlagents-learn config/lander_ppo/config.yaml --run-id=lander_attempt1 --time-scale=1 --resume",
        "mlagents_version": "1.1.0",
        "mlagents_envs_version": "1.1.0",
        "communication_protocol_version": "1.5.0",
        "pytorch_version": "2.2.2+cu121",
        "numpy_version": "1.23.5",
        "end_time_seconds": "1746959364"
    },
    "total": 3741.5285366000026,
    "count": 1,
    "self": 0.015329799993196502,
    "children": {
        "run_training.setup": {
            "total": 0.1921759000106249,
            "count": 1,
            "self": 0.1921759000106249
        },
        "TrainerController.start_learning": {
            "total": 3741.3210308999987,
            "count": 1,
            "self": 1.25588389596669,
            "children": {
                "TrainerController._reset_env": {
                    "total": 12.79386639999575,
                    "count": 1,
                    "self": 12.79386639999575
                },
                "TrainerController.advance": {
                    "total": 3727.129938604048,
                    "count": 22188,
                    "self": 1.417649607959902,
                    "children": {
                        "env_step": {
                            "total": 1025.3420295974647,
                            "count": 22188,
                            "self": 865.5363348014944,
                            "children": {
                                "SubprocessEnvManager._take_step": {
                                    "total": 159.12447089812486,
                                    "count": 22189,
                                    "self": 5.887308498873608,
                                    "children": {
                                        "TorchPolicy.evaluate": {
                                            "total": 153.23716239925125,
                                            "count": 22189,
                                            "self": 153.23716239925125
                                        }
                                    }
                                },
                                "workers": {
                                    "total": 0.6812238978454843,
                                    "count": 22187,
                                    "self": 0.0,
                                    "children": {
                                        "worker_root": {
                                            "total": 3627.3681793028372,
                                            "count": 22187,
                                            "is_parallel": true,
                                            "self": 3022.231418901327,
                                            "children": {
                                                "steps_from_proto": {
                                                    "total": 0.002680899982806295,