{
    "name": "root",
    "gauges": {
        "LanderPPO.Policy.Entropy.mean": {
            "value": 1.1062884330749512,
            "min": 1.1062884330749512,
            "max": 1.4189382791519165,
            "count": 107
        },
        "LanderPPO.Policy.Entropy.sum": {
            "value": 14262.2705078125,
            "min": 13006.00390625,
            "max": 23787.08203125,
            "count": 107
        },
        "LanderPPO.Environment.EpisodeLength.mean": {
            "value": 103.10344827586206,
            "min": 102.35042735042735,
            "max": 236.72549019607843,
            "count": 107
        },
        "LanderPPO.Environment.EpisodeLength.sum": {
            "value": 11960.0,
            "min": 11559.0,
            "max": 12167.0,
            "count": 107
        },
        "LanderPPO.Step.mean": {
            "value": 1283945.0,
            "min": 11981.0,
            "max": 1283945.0,
            "count": 107
        },
        "LanderPPO.Step.sum": {
            "value": 1283945.0,
            "min": 11981.0,
            "max": 1283945.0,
            "count": 107
        },
        "LanderPPO.Policy.ExtrinsicValueEstimate.mean": {
            "value": -1.2590224742889404,
            "min": -7.431646347045898,
            "max": 0.3220040202140808,
            "count": 107
        },
        "LanderPPO.Policy.ExtrinsicValueEstimate.sum": {
            "value": -144.78758239746094,
            "min": -609.39501953125,
            "max": 16.100200653076172,
            "count": 107
        },
        "LanderPPO.Environment.CumulativeReward.mean": {
            "value": -4.842822045865266,
            "min": -42.98877954483032,
            "max": -3.7381795919858494,
            "count": 107
        },
        "LanderPPO.Environment.CumulativeReward.sum": {
            "value": -556.9245352745056,
            "min": -2149.438977241516,
            "max": -437.36701226234436,
            "count": 107
        },
        "LanderPPO.Policy.ExtrinsicReward.mean": {
            "value": -4.842822045865266,
            "min": -42.98877954483032,
            "max": -3.7381795919858494,
            "count": 107
        },
        "LanderPPO.Policy.ExtrinsicReward.sum": {
            "value": -556.9245352745056,
            "min": -2149.438977241516,
            "max": -437.36701226234436,
            "count": 107
        },
        "LanderPPO.IsTraining.mean": {
            "value": 1.0,
            "min": 1.0,
            "max": 1.0,
            "count": 107
        },
        "LanderPPO.IsTraining.sum": {
            "value": 1.0,
            "min": 1.0,
            "max": 1.0,
            "count": 107
        },
        "LanderPPO.Losses.PolicyLoss.mean": {
            "value": 0.10011301194181409,
            "min": 0.09057389025942197,
            "max": 0.10711774531908118,
            "count": 106
        },
        "LanderPPO.Losses.PolicyLoss.sum": {
            "value": 0.10011301194181409,
            "min": 0.09057389025942197,
            "max": 0.10711774531908118,
            "count": 106
        },
        "LanderPPO.Losses.ValueLoss.mean": {
            "value": 2.4127653673396887,
            "min": 1.588977159982059,
            "max": 20.552711176830645,
            "count": 106
        },
        "LanderPPO.Losses.ValueLoss.sum": {
            "value": 2.4127653673396887,
            "min": 1.588977159982059,
            "max": 20.552711176830645,
            "count": 106
        },
        "LanderPPO.Policy.LearningRate.mean": {
            "value": 0.00029231206456264595,
            "min": 0.00029231206456264595,
            "max": 0.00029992725602424793,
            "count": 106
        },
        "LanderPPO.Policy.LearningRate.sum": {
            "value": 0.00029231206456264595,
            "min": 0.00029231206456264595,
            "max": 0.00029992725602424793,
            "count": 106
        },
        "LanderPPO.Policy.Epsilon.mean": {
            "value": 0.19743735400000006,
            "min": 0.19743735400000006,
            "max": 0.19997575200000003,
            "count": 106
        },
        "LanderPPO.Policy.Epsilon.sum": {
            "value": 0.19743735400000006,
            "min": 0.19743735400000006,
            "max": 0.19997575200000003,
            "count": 106
        },
        "LanderPPO.Policy.Beta.mean": {
            "value": 0.0009746298046,
            "min": 0.0009746298046,
            "max": 0.0009997599448,
            "count": 106
        },
        "LanderPPO.Policy.Beta.sum": {
            "value": 0.0009746298046,
            "min": 0.0009746298046,
            "max": 0.0009997599448,
            "count": 106
        }
    },
    "metadata": {
        "timer_format_version": "0.1.0",
        "start_time_seconds": "1747133464",
        "python_version": "3.10.12 | packaged by Anaconda, Inc. | (main, Jul  5 2023, 19:01:18) [MSC v.1916 64 bit (AMD64)]",
        "command_line_arguments": "C:\\Users\\minhh\\anaconda3\\envs\\mlagents\\Scripts\\mlagents-learn config/lander/ppo.yaml --run-id=lander_attempt6 --time-scale=1 --force",
        "mlagents_version": "1.1.0",
        "mlagents_envs_version": "1.1.0",
        "communication_protocol_version": "1.5.0",
        "pytorch_version": "2.2.2+cu121",
        "numpy_version": "1.23.5",
        "end_time_seconds": "1747136681"
    },
    "total": 3217.374363699986,
    "count": 1,
    "self": 0.02268769999500364,
    "children": {
        "run_training.setup": {
            "total": 0.09512569999787956,
            "count": 1,
            "self": 0.09512569999787956
        },
        "TrainerController.start_learning": {
            "total": 3217.2565502999933,
            "count": 1,
            "self": 1.681727197545115,
            "children": {
                "TrainerController._reset_env": {
                    "total": 9.068647300009616,
                    "count": 1,
                    "self": 9.068647300009616
                },
                "TrainerController.advance": {
                    "total": 3206.3814170024707,
                    "count": 29588,
                    "self": 1.8167629045201465,
                    "children": {
                        "env_step": {
                            "total": 941.4274812022923,
                            "count": 29588,
                            "self": 724.8348533026874,
                            "children": {
                                "SubprocessEnvManager._take_step": {
                                    "total": 215.5385843954864,
                                    "count": 29590,
                                    "self": 6.612641095300205,
                                    "children": {
                                        "TorchPolicy.evaluate": {
                                            "total": 208.9259433001862,
                                            "count": 29590,
                                            "self": 208.9259433001862
                                        }
                                    }
                                },
                                "workers": {
                                    "total": 1.0540435041184537,
                                    "count": 29587,
                                    "self": 0.0,
                                    "children": {
                                        "worker_root": {
                                            "total": 3106.8555091967573,
                                            "count": 29587,
                                            "is_parallel": true,
                                            "self": 2646.5487621017965,
                                            "children": {
                                                "steps_from_proto": {
                                                    "total": 0.0016460000188089907,
                                                    "count": 3,