{
    "name": "root",
    "metadata": {
        "timer_format_version": "0.1.0",
        "start_time_seconds": "1746976959",
        "python_version": "3.10.12 | packaged by Anaconda, Inc. | (main, Jul  5 2023, 19:01:18) [MSC v.1916 64 bit (AMD64)]",
        "command_line_arguments": "C:\\Users\\minhh\\anaconda3\\envs\\mlagents\\Scripts\\mlagents-learn config/lander/dqn.yaml --run-id=lander_dqn --time-scale=1",
        "mlagents_version": "1.1.0",
        "mlagents_envs_version": "1.1.0",
        "communication_protocol_version": "1.5.0",
        "pytorch_version": "2.2.2+cu121",
        "numpy_version": "1.23.5",
        "end_time_seconds": "1746976978"
    },
    "total": 19.033686600014335,
    "count": 1,
    "self": 10.021538600005442,
    "children": {
        "run_training.setup": {
            "total": 0.1256705999840051,
            "count": 1,
            "self": 0.1256705999840051
        },
        "TrainerController.start_learning": {
            "total": 8.886477400024887,
            "count": 1,
            "self": 0.00016690001939423382,
            "children": {
                "TrainerController._reset_env": {
                    "total": 8.583160400012275,
                    "count": 1,
                    "self": 8.583160400012275
                },
                "TrainerController.advance": {
                    "total": 0.008632000011857599,
                    "count": 1,
                    "self": 5.2400020649656653e-05,
                    "children": {
                        "env_step": {
                            "total": 0.008579599991207942,
                            "count": 1,
                            "self": 0.006328399991616607,
                            "children": {
                                "SubprocessEnvManager._take_step": {
                                    "total": 0.0022511999995913357,
                                    "count": 1,
                                    "self": 0.00012240000069141388,
                                    "children": {
                                        "TorchPolicy.evaluate": {
                                            "total": 0.0021287999988999218,
                                            "count": 1,
                                            "self": 0.0021287999988999218
                                        }
                                    }
                                }
                            }
                        }
                    }
                },
                "TrainerController._save_models": {
                    "total": 0.29451809998136014,
                    "count": 1,
                    "self": 0.02816679998068139,
                    "children": {
                        "RLTrainer._checkpoint": {
                            "total": 0.26635130000067875,
                            "count": 1,
                            "self": 0.26635130000067875
                        }
                    }
                }
            }
        }
    }
}