{"count":1,"self":990.9726208,"total":8718.4769615,"children":{"InitializeActuators":{"count":37,"self":0.0030242999999999997,"total":0.0030242999999999997,"children":null},"InitializeSensors":{"count":37,"self":0.0010008,"total":0.0010008,"children":null},"AgentSendState":{"count":449867,"self":33.150847999999996,"total":192.050769,"children":{"CollectObservations":{"count":16645079,"self":41.9733632,"total":41.9733638,"children":null},"WriteActionMask":{"count":16645079,"self":4.1951024,"total":4.1951022,"children":null},"RequestDecision":{"count":16645079,"self":24.4890992,"total":112.73145629999999,"children":{"AgentInfo.ToProto":{"count":16645079,"self":22.5701376,"total":88.242357599999991,"children":{"GenerateSensorData":{"count":16645079,"self":65.6722176,"total":65.6722194,"children":null}}}}}}},"DecideAction":{"count":449867,"self":7466.5508863999994,"total":7466.5505588999995,"children":null},"AgentAct":{"count":449867,"self":68.095711999999992,"total":68.8980062,"children":{"AgentInfo.ToProto":{"count":58306,"self":0.2303086,"total":0.802296,"children":{"GenerateSensorData":{"count":58306,"self":0.57198739999999992,"total":0.57198739999999992,"children":null}}}}}},"gauges":{"Lander.CumulativeReward":{"count":58306,"max":302.8682,"min":-125.837067,"runningAverage":-41.42336,"value":-90.804245,"weightedAverage":-38.7658844}},"metadata":{"timer_format_version":"0.1.0","start_time_seconds":"1746231136","unity_version":"6000.0.45f1","command_line_arguments":"C:\\Program Files\\Unity\\Hub\\Editor\\6000.0.45f1\\Editor\\Unity.exe -projectpath C:\\Users\\minhh\\Downloads\\WorkHome\\Unity\\IntroAI\\Introduction-to-AI -useHub -hubIPC -cloudEnvironment production","communication_protocol_version":"1.5.0","com.unity.ml-agents_version":"3.0.0","scene_name":"Smooth Surface","end_time_seconds":"1746239854"}}