{
    "name": "root",
    "gauges": {
        "LanderPPO.Policy.Entropy.mean": {
            "value": 1.2411937713623047,
            "min": 1.2411937713623047,
            "max": 1.4230810403823853,
            "count": 50
        },
        "LanderPPO.Policy.Entropy.sum": {
            "value": 14859.572265625,
            "min": 13387.5732421875,
            "max": 25170.546875,
            "count": 50
        },
        "LanderPPO.Environment.EpisodeLength.mean": {
            "value": 104.12280701754386,
            "min": 76.14556962025317,
            "max": 105.5575221238938,
            "count": 50
        },
        "LanderPPO.Environment.EpisodeLength.sum": {
            "value": 11870.0,
            "min": 11572.0,
            "max": 12154.0,
            "count": 50
        },
        "LanderPPO.Step.mean": {
            "value": 599992.0,
            "min": 11879.0,
            "max": 599992.0,
            "count": 50
        },
        "LanderPPO.Step.sum": {
            "value": 599992.0,
            "min": 11879.0,
            "max": 599992.0,
            "count": 50
        },
        "LanderPPO.Policy.ExtrinsicValueEstimate.mean": {
            "value": -65.77336883544922,
            "min": -70.15528869628906,
            "max": -0.09480959177017212,
            "count": 50
        },
        "LanderPPO.Policy.ExtrinsicValueEstimate.sum": {
            "value": -7498.1640625,
            "min": -10360.029296875,
            "max": -14.79029655456543,
            "count": 50
        },
        "LanderPPO.Environment.CumulativeReward.mean": {
            "value": -110.10275803950795,
            "min": -113.08252654356114,
            "max": -109.22711245704244,
            "count": 50
        },
        "LanderPPO.Environment.CumulativeReward.sum": {
            "value": -12551.714416503906,
            "min": -17373.05435180664,
            "max": -12478.006248474121,
            "count": 50
        },
        "LanderPPO.Policy.ExtrinsicReward.mean": {
            "value": -110.10275803950795,
            "min": -113.08252654356114,
            "max": -109.22711245704244,
            "count": 50
        },
        "LanderPPO.Policy.ExtrinsicReward.sum": {
            "value": -12551.714416503906,
            "min": -17373.05435180664,
            "max": -12478.006248474121,
            "count": 50
        },
        "LanderPPO.IsTraining.mean": {
            "value": 1.0,
            "min": 1.0,
            "max": 1.0,
            "count": 50
        },
        "LanderPPO.IsTraining.sum": {
            "value": 1.0,
            "min": 1.0,
            "max": 1.0,
            "count": 50
        },
        "LanderPPO.Losses.PolicyLoss.mean": {
            "value": 0.08089414856968735,
            "min": 0.08089414856968735,
            "max": 0.10542809996000971,
            "count": 49
        },
        "LanderPPO.Losses.PolicyLoss.sum": {
            "value": 0.08089414856968735,
            "min": 0.08089414856968735,
            "max": 0.10542809996000971,
            "count": 49
        },
        "LanderPPO.Losses.ValueLoss.mean": {
            "value": 2.0772875118151046,
            "min": 1.063528290639321,
            "max": 796.8852757303338,
            "count": 49
        },
        "LanderPPO.Losses.ValueLoss.sum": {
            "value": 2.0772875118151046,
            "min": 1.063528290639321,
            "max": 796.8852757303338,
            "count": 49
        },
        "LanderPPO.Policy.LearningRate.mean": {
            "value": 0.0002964429311856899,
            "min": 0.0002964429311856899,
            "max": 0.00029992686602437797,
            "count": 49
        },
        "LanderPPO.Policy.LearningRate.sum": {
            "value": 0.0002964429311856899,
            "min": 0.0002964429311856899,
            "max": 0.00029992686602437797,
            "count": 49
        },
        "LanderPPO.Policy.Epsilon.mean": {
            "value": 0.19881431,
            "min": 0.19881431,
            "max": 0.19997562199999996,
            "count": 49
        },
        "LanderPPO.Policy.Epsilon.sum": {
            "value": 0.19881431,
            "min": 0.19881431,
            "max": 0.19997562199999996,
            "count": 49
        },
        "LanderPPO.Policy.Beta.mean": {
            "value": 0.000988261669,
            "min": 0.000988261669,
            "max": 0.0009997586578,
            "count": 49
        },
        "LanderPPO.Policy.Beta.sum": {
            "value": 0.000988261669,
            "min": 0.000988261669,
            "max": 0.0009997586578,
            "count": 49
        }
    },
    "metadata": {
        "timer_format_version": "0.1.0",
        "start_time_seconds": "1747067369",
        "python_version": "3.10.12 | packaged by Anaconda, Inc. | (main, Jul  5 2023, 19:01:18) [MSC v.1916 64 bit (AMD64)]",
        "command_line_arguments": "C:\\Users\\minhh\\anaconda3\\envs\\mlagents\\Scripts\\mlagents-learn --run-id=lander_attempt5 config/lander/ppo.yaml --time-scale=1",
        "mlagents_version": "1.1.0",
        "mlagents_envs_version": "1.1.0",
        "communication_protocol_version": "1.5.0",
        "pytorch_version": "2.2.2+cu121",
        "numpy_version": "1.23.5",
        "end_time_seconds": "1747068854"
    },
    "total": 1485.7341544000083,
    "count": 1,
    "self": 0.015310500049963593,
    "children": {
        "run_training.setup": {
            "total": 0.17631459998665377,
            "count": 1,
            "self": 0.17631459998665377
        },
        "TrainerController.start_learning": {
            "total": 1485.5425292999716,
            "count": 1,
            "self": 0.4648746982566081,
            "children": {
                "TrainerController._reset_env": {
                    "total": 14.26895890000742,
                    "count": 1,
                    "self": 14.26895890000742
                },
                "TrainerController.advance": {
                    "total": 1470.697057901707,
                    "count": 8578,
                    "self": 0.5111552032758482,
                    "children": {
                        "env_step": {
                            "total": 441.4639813962276,
                            "count": 8578,
                            "self": 384.31186459434684,
                            "children": {
                                "SubprocessEnvManager._take_step": {
                                    "total": 56.914074699860066,
                                    "count": 8582,
                                    "self": 2.152146998909302,
                                    "children": {
                                        "TorchPolicy.evaluate": {
                                            "total": 54.761927700950764,
                                            "count": 8568,
                                            "self": 54.761927700950764
                                        }
                                    }
                                },
                                "workers": {
                                    "total": 0.23804210202069953,
                                    "count": 8577,
                                    "self": 0.0,
                                    "children": {
                                        "worker_root": {
                                            "total": 1333.5038650997449,
                                            "count": 8577,
                                            "is_parallel": true,
                                            "self": 1130.354359501216,
                                            "children": {
                                                "steps_from_proto": {
                                                    "total": 0.004465299949515611,
                                                    "count": 5,
                                                    "is_parallel": true,