{"count":1,"self":22.711208,"total":23.3145252,"children":{"InitializeActuators":{"count":101,"self":0.0020096,"total":0.0020096,"children":null},"InitializeSensors":{"count":101,"self":0.0020001,"total":0.0020001,"children":null},"AgentSendState":{"count":1108,"self":0.028550199999999998,"total":0.1415223,"children":{"CollectObservations":{"count":22422,"self":0.096520299999999989,"total":0.096520299999999989,"children":null},"WriteActionMask":{"count":22422,"self":0.0043485,"total":0.0043485,"children":null},"RequestDecision":{"count":22422,"self":0.012103299999999999,"total":0.012103299999999999,"children":null}}},"DecideAction":{"count":1108,"self":0.4020706,"total":0.4020706,"children":null},"AgentAct":{"count":1108,"self":0.051961799999999995,"total":0.051961799999999995,"children":null}},"gauges":{"LanderPPOFormerSparse.CumulativeReward":{"count":355,"max":0.901524842,"min":-1.18095624,"runningAverage":-0.122197792,"value":-1.00197089,"weightedAverage":-0.208712891}},"metadata":{"timer_format_version":"0.1.0","start_time_seconds":"1747830557","unity_version":"2022.3.62f1","command_line_arguments":"C:\\Users\\vulon\\Downloads\\Probe-Lander\\ppo_build\\LanderProbe.exe","communication_protocol_version":"1.5.0","com.unity.ml-agents_version":"2.0.1","scene_name":"Smooth Surface","end_time_seconds":"1747830580"}}