{"count":1,"self":8.3946816,"total":8.4213031999999988,"children":{"InitializeActuators":{"count":1,"self":0.0015072999999999998,"total":0.0015072999999999998,"children":null},"InitializeSensors":{"count":1,"self":0.0020055,"total":0.0020055,"children":null},"AgentSendState":{"count":372,"self":0.0066711999999999995,"total":0.0130236,"children":{"CollectObservations":{"count":372,"self":0.0029744999999999997,"total":0.0029744999999999997,"children":null},"WriteActionMask":{"count":372,"self":0,"total":0,"children":null},"RequestDecision":{"count":372,"self":0.0033778999999999997,"total":0.0033778999999999997,"children":null}}},"DecideAction":{"count":372,"self":0.0035096999999999997,"total":0.0035096999999999997,"children":null},"AgentAct":{"count":372,"self":0.0010558,"total":0.0010558,"children":null}},"gauges":{"LanderDeepQ.CumulativeReward":{"count":3,"max":-90.4,"min":-190.400146,"runningAverage":-157.066757,"value":-190.400146,"weightedAverage":-134.15007}},"metadata":{"timer_format_version":"0.1.0","start_time_seconds":"1747830616","unity_version":"2022.3.62f1","command_line_arguments":"C:\\Users\\vulon\\Downloads\\Probe-Lander\\deepq_build\\LanderProbe.exe","communication_protocol_version":"1.5.0","com.unity.ml-agents_version":"2.0.1","scene_name":"Smooth Surface","end_time_seconds":"1747830624"}}